Row,Coefficient,Percent_Total
Unique_ED,0.0067794756401488,0.907884531135161
Unique_SNR,0.034753527383952,4.65407526909849
Common_ED_and_SNR,0.705200244173335,94.4380401997663
Total,0.746733247197436,100
