Row,Coefficient,Percent_Total
Unique_ED,0.00218641270320852,0.22151367262821
Unique_SNR,0.0681004948693612,6.89951659363009
Common_ED_and_SNR,0.916745936615881,92.8789697337417
Total,0.987032844188451,100
