Row,Coefficient,Percent_Total
Unique_ED,0.362223369442739,38.8373447245976
Unique_Signal,0.0137353498022788,1.47269491751653
Common_ED_and_Signal,0.556708979876351,59.6899603578859
Total,0.932667699121369,100
