Row,Coefficient,Percent_Total
Unique_ED,0.241227619431269,32.7297491084478
Unique_Signal,0.0250489039989917,3.39863381009813
Common_ED_and_Signal,0.470752100382215,63.8716170814541
Total,0.737028623812476,100
