ID,inter-ID,intra-ID,intra-ID (std)
24.61234504071921,9.49230701975281,17.521071736772164,2.8775933292566114
